1,快乐小神仙,快乐星球,http://cdn.healing2021.100steps.top/1-%E5%BF%AB%E4%B9%90%E5%B0%8F%E7%A5%9E%E4%BB%99-%E5%BF%AB%E4%B9%90%E6%98%9F%E7%90%83.mp3,http://cdn.healing2021.100steps.top/1-%E5%BF%AB%E4%B9%90%E5%B0%8F%E7%A5%9E%E4%BB%99-%E5%BF%AB%E4%B9%90%E6%98%9F%E7%90%83.jpg,天唱组合
2,问题小孩,大耳朵图图,http://cdn.healing2021.100steps.top/2-%E9%97%AE%E9%A2%98%E5%B0%8F%E5%AD%A9-%E5%A4%A7%E8%80%B3%E6%9C%B5%E5%9B%BE%E5%9B%BE.mp3,http://cdn.healing2021.100steps.top/2-%E9%97%AE%E9%A2%98%E5%B0%8F%E5%AD%A9-%E5%A4%A7%E8%80%B3%E6%9C%B5%E5%9B%BE%E5%9B%BE.jpg,周元恒
3,阳光男孩、阳光女孩,家有儿女,http://cdn.healing2021.100steps.top/4-%E9%98%B3%E5%85%89%E7%94%B7%E5%AD%A9%20%E9%98%B3%E5%85%89%E5%A5%B3%E5%AD%A9-%E5%AE%B6%E6%9C%89%E5%84%BF%E5%A5%B3.mp3,http://cdn.healing2021.100steps.top/4-%E9%98%B3%E5%85%89%E7%94%B7%E5%AD%A9%20%E9%98%B3%E5%85%89%E5%A5%B3%E5%AD%A9-%E5%AE%B6%E6%9C%89%E5%84%BF%E5%A5%B3.jpg,TG4
4,快乐星猫,快乐星猫,http://cdn.healing2021.100steps.top/3-%E5%BF%AB%E4%B9%90%E6%98%9F%E7%8C%AB-%E5%BF%AB%E4%B9%90%E6%98%9F%E7%8C%AB.mp3,http://cdn.healing2021.100steps.top/3-%E5%BF%AB%E4%B9%90%E6%98%9F%E7%8C%AB-%E5%BF%AB%E4%B9%90%E6%98%9F%E7%8C%AB.jpg,儿童歌曲
5,侠客行,武林外传,http://cdn.healing2021.100steps.top/5-%E4%BE%A0%E5%AE%A2%E8%A1%8C-%E6%AD%A6%E6%9E%97%E5%A4%96%E4%BC%A0.mp3,http://cdn.healing2021.100steps.top/5-%E4%BE%A0%E5%AE%A2%E8%A1%8C-%E6%AD%A6%E6%9E%97%E5%A4%96%E4%BC%A0.jpg,虞霞
6,三寸天堂,步步惊心,http://cdn.healing2021.100steps.top/6-%E4%B8%89%E5%AF%B8%E5%A4%A9%E5%A0%82-%E6%AD%A5%E6%AD%A5%E6%83%8A%E5%BF%83.mp3,http://cdn.healing2021.100steps.top/6-%E4%B8%89%E5%AF%B8%E5%A4%A9%E5%A0%82-%E6%AD%A5%E6%AD%A5%E6%83%8A%E5%BF%83.jpg,严艺丹
7,爱的供养,宫锁心玉,http://cdn.healing2021.100steps.top/7-%E7%88%B1%E7%9A%84%E4%BE%9B%E5%85%BB-%E5%AE%AB%E9%94%81%E5%BF%83%E7%8E%89.mp3,http://cdn.healing2021.100steps.top/7-%E7%88%B1%E7%9A%84%E4%BE%9B%E5%85%BB-%E5%AE%AB%E9%94%81%E5%BF%83%E7%8E%89.jpg,杨幂
8,左手右手,喜羊羊与灰太狼之虎虎生威,http://cdn.healing2021.100steps.top/8-%E5%B7%A6%E6%89%8B%E5%8F%B3%E6%89%8B-%E5%96%9C%E7%BE%8A%E7%BE%8A%E4%B8%8E%E7%81%B0%E5%A4%AA%E7%8B%BC%E4%B9%8B%E8%99%8E%E8%99%8E%E7%94%9F%E5%A8%81.mp3,http://cdn.healing2021.100steps.top/8-%E5%B7%A6%E6%89%8B%E5%8F%B3%E6%89%8B-%E5%96%9C%E7%BE%8A%E7%BE%8A%E4%B8%8E%E7%81%B0%E5%A4%AA%E7%8B%BC%E4%B9%8B%E8%99%8E%E8%99%8E%E7%94%9F%E5%A8%81.jpg,杨沛宜
9,ブルーバード（青鸟）,火影忍者,http://cdn.healing2021.100steps.top/9-%E9%9D%92%E9%B8%9F-%E7%81%AB%E5%BD%B1%E5%BF%8D%E8%80%85.mp3,http://cdn.healing2021.100steps.top/9-%E9%9D%92%E9%B8%9F-%E7%81%AB%E5%BD%B1%E5%BF%8D%E8%80%85.jpg,いきものがかり
10,透明だった世界（曾经透明的世界）,火影忍者,http://cdn.healing2021.100steps.top/10-%E9%80%8F%E6%98%8E%E3%81%A0%E3%81%A3%E3%81%9F%E4%B8%96%E7%95%8C-%E7%81%AB%E5%BD%B1%E5%BF%8D%E8%80%85.mp3,http://cdn.healing2021.100steps.top/10-%E9%80%8F%E6%98%8E%E3%81%A0%E3%81%A3%E3%81%9F%E4%B8%96%E7%95%8C-%E7%81%AB%E5%BD%B1%E5%BF%8D%E8%80%85.jpg,秦基博
11,Don’t say “lazy”,轻音少女,http://cdn.healing2021.100steps.top/11-Don%E2%80%99t%20say%20%E2%80%9Clazy%E2%80%9D%20-%E8%BD%BB%E9%9F%B3%E5%B0%91%E5%A5%B3.mp3,http://cdn.healing2021.100steps.top/11-Don%E2%80%99t%20say%20%E2%80%9Clazy%E2%80%9D%20-%E8%BD%BB%E9%9F%B3%E5%B0%91%E5%A5%B3.jpg,放课后茶话会
12,神様はじめました,元气少女缘结神,http://cdn.healing2021.100steps.top/12-%E7%A5%9E%E6%A7%98%E3%81%AF%E3%81%98%E3%82%81%E3%81%BE%E3%81%97%E3%81%9F-%E5%85%83%E6%B0%94%E5%B0%91%E5%A5%B3%E7%BC%98%E7%BB%93%E7%A5%9E.mp3,http://cdn.healing2021.100steps.top/12-%E7%A5%9E%E6%A7%98%E3%81%AF%E3%81%98%E3%82%81%E3%81%BE%E3%81%97%E3%81%9F-%E5%85%83%E6%B0%94%E5%B0%91%E5%A5%B3%E7%BC%98%E7%BB%93%E7%A5%9E.webp,ハナエ
13,紅蓮の弓矢,进击的巨人,http://cdn.healing2021.100steps.top/13-%E7%B4%85%E8%93%AE%E3%81%AE%E5%BC%93%E7%9F%A2-%E8%BF%9B%E5%87%BB%E7%9A%84%E5%B7%A8%E4%BA%BA.mp3,http://cdn.healing2021.100steps.top/13-%E7%B4%85%E8%93%AE%E3%81%AE%E5%BC%93%E7%9F%A2-%E8%BF%9B%E5%87%BB%E7%9A%84%E5%B7%A8%E4%BA%BA.png,Revo
14,Unravel,东京喰种,http://cdn.healing2021.100steps.top/14-Unravel-%E4%B8%9C%E4%BA%AC%E5%96%B0%E7%A7%8D.mp3,http://cdn.healing2021.100steps.top/14-Unravel-%E4%B8%9C%E4%BA%AC%E5%96%B0%E7%A7%8D.jpg,TK
15,My Secret,会长是女仆大人,http://cdn.healing2021.100steps.top/%E6%B0%B4%E9%87%8E%E4%BD%90%E5%BD%A9%20-%20My%20Secret%20%28TV%20Version%29.mp3,http://cdn.healing2021.100steps.top/15-My%20Secret-%E4%BC%9A%E9%95%BF%E6%98%AF%E5%A5%B3%E4%BB%86%E5%A4%A7%E4%BA%BA.png,水野佐彩
16,Driving Myself,网球王子,http://cdn.healing2021.100steps.top/16-Driving%20myself-%E7%BD%91%E7%90%83%E7%8E%8B%E5%AD%90.mp3,http://cdn.healing2021.100steps.top/16-Driving%20myself-%E7%BD%91%E7%90%83%E7%8E%8B%E5%AD%90.jfif,HIRO-X
17,モノクロのキス,黑执事,http://cdn.healing2021.100steps.top/SID%20-%20%E3%83%A2%E3%83%8E%E3%82%AF%E3%83%AD%E3%81%AE%E3%82%AD%E3%82%B9%20%28%E9%BB%91%E7%99%BD%E4%B9%8B%E5%90%BB%29%20%28V0%29.mp3,http://cdn.healing2021.100steps.top/%E9%BB%91%E6%89%A7%E4%BA%8B.jfif,シド
18,crossing field,刀剑神域,http://cdn.healing2021.100steps.top/LiSA%20-%20crossing%20field%20%28%E4%BA%A4%E5%8F%89%E9%A2%86%E5%9F%9F%29%20%28V0%29.mp3,http://cdn.healing2021.100steps.top/%E5%88%80%E5%89%91%E7%A5%9E%E5%9F%9F.jfif,LISA
19,おまかせ?ガーディアン（拜托了守护者）,守护甜心,http://cdn.healing2021.100steps.top/%E3%81%8A%E3%81%BE%E3%81%8B%E3%81%9B%E2%99%AA%E3%82%AC%E3%83%BC%E3%83%87%E3%82%A3%E3%82%A2%E3%83%B3%20.mp3,http://cdn.healing2021.100steps.top/%E5%AE%88%E6%8A%A4%E7%94%9C%E5%BF%83.jfif,Buono!
20,SPLASH FREE,FREE！男子游泳部,http://cdn.healing2021.100steps.top/STYLE%20FIVE%20-%20SPLASH%20FREE%20%28V0%29.mp3,http://cdn.healing2021.100steps.top/FREE%21%E7%94%B7%E5%AD%90%E6%B8%B8%E6%B3%B3%E9%83%A8.jfif,STYLE FIVE
21,海盗和孩子们,海绵宝宝,http://cdn.healing2021.100steps.top/21%E2%80%94%E6%B5%B7%E7%BB%B5%E5%AE%9D%E5%AE%9D.mp3,http://cdn.healing2021.100steps.top/21%E2%80%94%E6%B5%B7%E7%BB%B5%E5%AE%9D%E5%AE%9D%E5%B0%81%E9%9D%A2.jpg,Avril
22,当,还珠格格,http://cdn.healing2021.100steps.top/22%E2%80%94%E5%BD%93%E2%80%94%E8%BF%98%E7%8F%A0%E6%A0%BC%E6%A0%BC.mp3,http://cdn.healing2021.100steps.top/22%E2%80%94%E5%BD%93%E2%80%94%E8%BF%98%E7%8F%A0%E6%A0%BC%E6%A0%BC%20%E5%B0%81%E9%9D%A2.jpg,动力火车
23,偏爱,仙剑奇侠传三,http://cdn.healing2021.100steps.top/23%E2%80%94%E5%81%8F%E7%88%B1%E2%80%94%E4%BB%99%E5%89%91%E5%A5%87%E4%BE%A0%E4%BC%A0%E4%B8%89.mp3,http://cdn.healing2021.100steps.top/23%E2%80%94%E5%81%8F%E7%88%B1%E2%80%94%E4%BB%99%E5%89%91%E5%A5%87%E4%BE%A0%E4%BC%A0%E4%B8%89%20%E5%B0%81%E9%9D%A2.jpg,张芸京
24,忘记时间,仙剑奇侠传三,http://cdn.healing2021.100steps.top/24%E2%80%94%E5%BF%98%E8%AE%B0%E6%97%B6%E9%97%B4%E2%80%94%E4%BB%99%E5%89%91%E5%A5%87%E4%BE%A0%E4%BC%A0%E4%B8%89.mp3,http://cdn.healing2021.100steps.top/24%E2%80%94%E5%BF%98%E8%AE%B0%E6%97%B6%E9%97%B4%E2%80%94%E4%BB%99%E5%89%91%E5%A5%87%E4%BE%A0%E4%BC%A0%E4%B8%89%20%E5%B0%81%E9%9D%A2.jpg,胡歌
25,此生不换,仙剑奇侠传三,http://cdn.healing2021.100steps.top/25%E2%80%94%E6%AD%A4%E7%94%9F%E4%B8%8D%E6%8D%A2%E2%80%94%E4%BB%99%E5%89%91%E5%A5%87%E4%BE%A0%E4%BC%A0%E4%B8%89.mp3,http://cdn.healing2021.100steps.top/25%E2%80%94%E6%AD%A4%E7%94%9F%E4%B8%8D%E6%8D%A2%E2%80%94%E4%BB%99%E5%89%91%E5%A5%87%E4%BE%A0%E4%BC%A0%E4%B8%89%E5%B0%81%E9%9D%A2.jpg,青鸟飞鱼
26,大家一起喜羊羊,喜羊羊与灰太狼之虎虎生威,http://cdn.healing2021.100steps.top/26-%E5%A4%A7%E5%AE%B6%E4%B8%80%E8%B5%B7%E5%96%9C%E7%BE%8A%E7%BE%8A-%E5%96%9C%E7%BE%8A%E7%BE%8A%E4%B8%8E%E7%81%B0%E5%A4%AA%E7%8B%BC%E4%B9%8B%E8%99%8E%E8%99%8E%E7%94%9F%E5%A8%81.mp3,http://cdn.healing2021.100steps.top/26-%E5%A4%A7%E5%AE%B6%E4%B8%80%E8%B5%B7%E5%96%9C%E7%BE%8A%E7%BE%8A-%E5%96%9C%E7%BE%8A%E7%BE%8A%E4%B8%8E%E7%81%B0%E5%A4%AA%E7%8B%BC%E4%B9%8B%E8%99%8E%E8%99%8E%E7%94%9F%E5%A8%81.jfif,周笔畅
27,少年英雄小哪吒,哪吒传奇,http://cdn.healing2021.100steps.top/27-%E5%B0%91%E5%B9%B4%E8%8B%B1%E9%9B%84%E5%B0%8F%E5%93%AA%E5%90%92-%E5%93%AA%E5%90%92%E4%BC%A0%E5%A5%87.mp3,http://cdn.healing2021.100steps.top/27-%E5%B0%91%E5%B9%B4%E8%8B%B1%E9%9B%84%E5%B0%8F%E5%93%AA%E5%90%92-%E5%93%AA%E5%90%92%E4%BC%A0%E5%A5%87.jfif,杨采钰
28,敢问路在何方,西游记,http://cdn.healing2021.100steps.top/28-%E6%95%A2%E9%97%AE%E8%B7%AF%E5%9C%A8%E4%BD%95%E6%96%B9-%E8%A5%BF%E6%B8%B8%E8%AE%B0.mp3,http://cdn.healing2021.100steps.top/28-%E6%95%A2%E9%97%AE%E8%B7%AF%E5%9C%A8%E4%BD%95%E6%96%B9-%E8%A5%BF%E6%B8%B8%E8%AE%B0.jfif,蒋大为
29,葫芦娃,葫芦娃,http://cdn.healing2021.100steps.top/29--%E8%91%AB%E8%8A%A6%E5%A8%83-%E8%91%AB%E8%8A%A6%E5%A8%83.mp3,,吴应炬
30,让我们荡起双桨,电影（祖国的花朵）,http://cdn.healing2021.100steps.top/30-%E8%AE%A9%E6%88%91%E4%BB%AC%E8%8D%A1%E8%B5%B7%E5%8F%8C%E6%A1%A8-%E7%94%B5%E5%BD%B1%EF%BC%88%E7%A5%96%E5%9B%BD%E7%9A%84%E8%8A%B1%E6%9C%B5%EF%BC%89.mp3,http://cdn.healing2021.100steps.top/30-%E8%AE%A9%E6%88%91%E4%BB%AC%E8%8D%A1%E8%B5%B7%E5%8F%8C%E6%A1%A8-%E7%94%B5%E5%BD%B1%EF%BC%88%E7%A5%96%E5%9B%BD%E7%9A%84%E8%8A%B1%E6%9C%B5%EF%BC%89.jfif,刘慧芳
31,大风车,大风车,http://cdn.healing2021.100steps.top/31-%E5%A4%A7%E9%A3%8E%E5%90%B9-%E5%84%BF%E6%AD%8C.mp3,http://cdn.healing2021.100steps.top/31-%E5%A4%A7%E9%A3%8E%E5%90%B9-%E5%84%BF%E6%AD%8C.jpg,儿童歌曲
32,童年,罗大佑,http://cdn.healing2021.100steps.top/32-%E7%AB%A5%E5%B9%B4-%E5%84%BF%E6%AD%8C.mp3,http://cdn.healing2021.100steps.top/32-%E7%AB%A5%E5%B9%B4-%E5%84%BF%E6%AD%8C.jpg,刘文正
33,外婆的澎湖湾,外婆的澎湖湾,http://cdn.healing2021.100steps.top/33-%E5%A4%96%E5%A9%86%E7%9A%84%E6%BE%8E%E6%B9%96%E6%B9%BE-%E5%84%BF%E6%AD%8C.mp3,http://cdn.healing2021.100steps.top/33-%E5%A4%96%E5%A9%86%E7%9A%84%E6%BE%8E%E6%B9%96%E6%B9%BE-%E5%84%BF%E6%AD%8C.jpg,潘安邦
34,小螺号,童年的小摇车,http://cdn.healing2021.100steps.top/34-%E5%B0%8F%E8%9E%BA%E5%8F%B7-%E5%84%BF%E6%AD%8C.mp3,http://cdn.healing2021.100steps.top/34-%E5%B0%8F%E8%9E%BA%E5%8F%B7-%E5%84%BF%E6%AD%8C.jpg,程琳
35,巴啦啦小魔仙,巴啦啦小魔仙,http://cdn.healing2021.100steps.top/35-%E5%B7%B4%E5%95%A6%E5%95%A6%E5%B0%8F%E9%AD%94%E4%BB%99-%E5%B7%B4%E5%95%A6%E5%95%A6%E5%B0%8F%E9%AD%94%E4%BB%99.mp3,http://cdn.healing2021.100steps.top/35-%E5%B7%B4%E5%95%A6%E5%95%A6%E5%B0%8F%E9%AD%94%E4%BB%99-%E5%B7%B4%E5%95%A6%E5%95%A6%E5%B0%8F%E9%AD%94%E4%BB%99.jpg,大小ann
36,小鲤鱼历险记,小鲤鱼历险记,http://cdn.healing2021.100steps.top/36-%E5%B0%8F%E9%B2%A4%E9%B1%BC%E5%8E%86%E9%99%A9%E8%AE%B0-%E5%B0%8F%E9%B2%A4%E9%B1%BC%E5%8E%86%E9%99%A9%E8%AE%B0.mp3,http://cdn.healing2021.100steps.top/36-%E5%B0%8F%E9%B2%A4%E9%B1%BC%E5%8E%86%E9%99%A9%E8%AE%B0-%E5%B0%8F%E9%B2%A4%E9%B1%BC%E5%8E%86%E9%99%A9%E8%AE%B0.jpg,韩磊
37,黑猫警长,黑猫警长,http://cdn.healing2021.100steps.top/37-%E9%BB%91%E7%8C%AB%E8%AD%A6%E9%95%BF-%E9%BB%91%E7%8C%AB%E8%AD%A6%E9%95%BF.mp3,http://cdn.healing2021.100steps.top/37-%E9%BB%91%E7%8C%AB%E8%AD%A6%E9%95%BF-%E9%BB%91%E7%8C%AB%E8%AD%A6%E9%95%BF.jpg,沈晓岑
38,别看我只是一只羊,喜羊羊与灰太狼,http://cdn.healing2021.100steps.top/38-%E5%88%AB%E7%9C%8B%E6%88%91%E5%8F%AA%E6%98%AF%E4%B8%80%E5%8F%AA%E7%BE%8A-%E5%96%9C%E7%BE%8A%E7%BE%8A%E4%B8%8E%E7%81%B0%E5%A4%AA%E7%8B%BC.mp3,http://cdn.healing2021.100steps.top/38-%E5%88%AB%E7%9C%8B%E6%88%91%E5%8F%AA%E6%98%AF%E4%B8%80%E5%8F%AA%E7%BE%8A-%E5%96%9C%E7%BE%8A%E7%BE%8A%E4%B8%8E%E7%81%B0%E5%A4%AA%E7%8B%BC.jpg,古倩敏
39,小英雄大肚腩,猪猪侠,http://cdn.healing2021.100steps.top/39-%E5%B0%8F%E8%8B%B1%E9%9B%84%E5%A4%A7%E8%82%9A%E8%85%A9-%E7%8C%AA%E7%8C%AA%E4%BE%A0.mp3,http://cdn.healing2021.100steps.top/39-%E5%B0%8F%E8%8B%B1%E9%9B%84%E5%A4%A7%E8%82%9A%E8%85%A9-%E7%8C%AA%E7%8C%AA%E4%BE%A0.jpg,周游格
40,我还有点小糊涂,熊出没,http://cdn.healing2021.100steps.top/40-%E6%88%91%E8%BF%98%E6%9C%89%E7%82%B9%E5%B0%8F%E7%B3%8A%E6%B6%82-%E7%86%8A%E5%87%BA%E6%B2%A1.mp3,http://cdn.healing2021.100steps.top/40-%E6%88%91%E8%BF%98%E6%9C%89%E7%82%B9%E5%B0%8F%E7%B3%8A%E6%B6%82-%E7%86%8A%E5%87%BA%E6%B2%A1.jpg,刘晨
41,奇迹再现,迪迦奥特曼,http://cdn.healing2021.100steps.top/41.%E6%AD%8C%E6%9B%B2%E5%A5%87%E8%BF%B9%E5%86%8D%E7%8E%B0-%E8%BF%AA%E8%BF%A6%E5%A5%A5%E7%89%B9%E6%9B%BC.mp3,http://cdn.healing2021.100steps.top/41.%E5%B0%81%E9%9D%A2%E5%A5%87%E8%BF%B9%E5%86%8D%E7%8E%B0-%E8%BF%AA%E8%BF%A6%E5%A5%A5%E7%89%B9%E6%9B%BC.jpg,毛华锋
42,果宝特攻,果宝特攻,http://cdn.healing2021.100steps.top/42%E6%AD%8C%E6%9B%B2%E6%9E%9C%E5%AE%9D%E7%89%B9%E6%94%BB%20-%20%E6%9E%9C%E5%AE%9D%E7%89%B9%E6%94%BB.mp3,http://cdn.healing2021.100steps.top/42%EF%BC%8C%E5%B0%81%E9%9D%A2-%E6%9E%9C%E5%AE%9D%E7%89%B9%E6%94%BB%20%E6%9E%9C%E5%AE%9D%E7%89%B9%E6%94%BB.jpg,陈浩丽
43,人生不过一百年,虹猫蓝兔七侠传,http://cdn.healing2021.100steps.top/43.%E6%AD%8C%E6%9B%B2%E4%BA%BA%E7%94%9F%E4%B8%8D%E8%BF%87%E6%98%AF%E4%B8%80%E7%99%BE%E5%B9%B4-%E8%99%B9%E7%8C%AB%E8%93%9D%E5%85%94%E4%B8%83%E4%BE%A0%E4%BC%A0.mp3,http://cdn.healing2021.100steps.top/43%20%E4%BA%BA%E7%94%9F%E4%B8%8D%E8%BF%87%E4%B8%80%E7%99%BE%E5%B9%B4%20%E8%99%B9%E7%8C%AB%E8%93%9D%E5%85%94%E4%B8%83%E4%BE%A0%E4%BC%A0.jpg,袁接伟
44,Let It Go,冰雪奇缘,http://cdn.healing2021.100steps.top/44.%E6%AD%8C%E6%9B%B2Let%20it%20go-%E5%86%B0%E9%9B%AA%E5%A5%87%E7%BC%98.mp3,http://cdn.healing2021.100steps.top/44.%E5%B0%81%E9%9D%A2Let%20it%20go%20-%E5%86%B0%E9%9B%AA%E5%A5%87%E7%BC%98.jpg,Idina Menzel
45,月亮船,快乐星球,http://cdn.healing2021.100steps.top/45-%E6%AD%8C%E6%9B%B2%20%E6%9C%88%E4%BA%AE%E8%88%B9-%E5%BF%AB%E4%B9%90%E6%98%9F%E7%90%83.mp3,http://cdn.healing2021.100steps.top/45%20%E5%B0%81%E9%9D%A2%20%E6%9C%88%E4%BA%AE%E8%88%B9%20%E5%BF%AB%E4%B9%90%E6%98%9F%E7%90%83.jpg,王英姿
46,开心往前飞,开心宝贝,http://cdn.healing2021.100steps.top/46-%E5%BC%80%E5%BF%83%E5%BE%80%E5%89%8D%E9%A3%9E-%E5%BC%80%E5%BF%83%E5%AE%9D%E8%B4%9D.mp3,http://cdn.healing2021.100steps.top/46-%E5%BC%80%E5%BF%83%E5%BE%80%E5%89%8D%E9%A3%9E-%E5%BC%80%E5%BF%83%E5%AE%9D%E8%B4%9D.png,Vivi && 杨菲洋
47,青春之火,火力少年王,http://cdn.healing2021.100steps.top/47%20-%20%E9%9D%92%E6%98%A5%E4%B9%8B%E7%81%AB%20-%E7%81%AB%E5%8A%9B%E5%B0%91%E5%B9%B4%E7%8E%8B.mp3,http://cdn.healing2021.100steps.top/47%20-%20%E9%9D%92%E6%98%A5%E4%B9%8B%E7%81%AB%20-%E7%81%AB%E5%8A%9B%E5%B0%91%E5%B9%B4%E7%8E%8B.png,潘松和
48,Butterfly,数码宝贝,http://cdn.healing2021.100steps.top/48%20-%20Butterfly-%E6%95%B0%E7%A0%81%E5%AE%9D%E8%B4%9D.mp3,http://cdn.healing2021.100steps.top/48%20-%20Butterfly-%E6%95%B0%E7%A0%81%E5%AE%9D%E8%B4%9D.png,和田光司
49,月光,秦时明月,http://cdn.healing2021.100steps.top/49-%E6%9C%88%E5%85%89-%E7%A7%A6%E6%97%B6%E6%98%8E%E6%9C%88.mp3,http://cdn.healing2021.100steps.top/49-%E6%9C%88%E5%85%89-%E7%A7%A6%E6%97%B6%E6%98%8E%E6%9C%88.png,渡辺はま子
50,向天再借五百年,康熙王朝,http://cdn.healing2021.100steps.top/50-%E5%90%91%E5%A4%A9%E5%86%8D%E5%80%9F%E4%BA%94%E7%99%BE%E5%B9%B4-%E5%BA%B7%E7%86%99%E7%8E%8B%E6%9C%9D.mp3,http://cdn.healing2021.100steps.top/50-%E5%90%91%E5%A4%A9%E5%86%8D%E5%80%9F%E4%BA%94%E7%99%BE%E5%B9%B4-%E5%BA%B7%E7%86%99%E7%8E%8B%E6%9C%9D.png,韩磊
51,刀剑如梦,倚天屠龙记,http://cdn.healing2021.100steps.top/51-%E5%88%80%E5%89%91%E5%A6%82%E6%A2%A6%E2%80%94%E5%80%9A%E5%A4%A9%E5%B1%A0%E9%BE%99%E8%AE%B0.mp3,http://cdn.healing2021.100steps.top/51-%E5%88%80%E5%89%91%E5%A6%82%E6%A2%A6%E2%80%94%E5%80%9A%E5%A4%A9%E5%B1%A0%E9%BE%99%E8%AE%B0.jpg,周华健
52,扉をあけて,魔卡少女樱,http://cdn.healing2021.100steps.top/52-%E6%89%89%E3%82%92%E3%81%82%E3%81%91%E3%81%A6%E2%80%94%E9%AD%94%E5%8D%A1%E5%B0%91%E5%A5%B3%E6%A8%B1.mp3,http://cdn.healing2021.100steps.top/52-%E6%89%89%E3%82%92%E3%81%82%E3%81%91%E3%81%A6%E2%80%94%E9%AD%94%E5%8D%A1%E5%B0%91%E5%A5%B3%E6%A8%B1.png,広瀬香美
53,哆啦A梦之歌,哆啦A梦,http://cdn.healing2021.100steps.top/53-%E5%93%86%E5%95%A6A%E6%A2%A6%E4%B9%8B%E6%AD%8C-%E5%93%86%E5%95%A6A%E6%A2%A6.mp3,http://cdn.healing2021.100steps.top/53-%E5%93%86%E5%95%A6A%E6%A2%A6%E4%B9%8B%E6%AD%8C-%E5%93%86%E5%95%A6A%E6%A2%A6.jpg,大杉久美子
