"object","url"
"还好有你.mp3","http://cdn.healing2021.100steps.top/%E8%BF%98%E5%A5%BD%E6%9C%89%E4%BD%A0.mp3"
"路灯(mmm）0125.mp3","http://cdn.healing2021.100steps.top/%E8%B7%AF%E7%81%AF%28mmm%EF%BC%890125.mp3"
"资格mmm(0326).mp3","http://cdn.healing2021.100steps.top/%E8%B5%84%E6%A0%BCmmm%280326%29.mp3"
"细界.mp3","http://cdn.healing2021.100steps.top/%E7%BB%86%E7%95%8C.mp3"
"紫外套mmm(0720)4.mp3","http://cdn.healing2021.100steps.top/%E7%B4%AB%E5%A4%96%E5%A5%97mmm%280720%294.mp3"
"爱太远的人 mmm（国语）.mp3","http://cdn.healing2021.100steps.top/%E7%88%B1%E5%A4%AA%E8%BF%9C%E7%9A%84%E4%BA%BA%20mmm%EF%BC%88%E5%9B%BD%E8%AF%AD%EF%BC%89.mp3"
"梁山山 - 甜心是你.mp3","http://cdn.healing2021.100steps.top/%E6%A2%81%E5%B1%B1%E5%B1%B1%20-%20%E7%94%9C%E5%BF%83%E6%98%AF%E4%BD%A0.mp3"
"梁山山 - 甜心先生.mp3","http://cdn.healing2021.100steps.top/%E6%A2%81%E5%B1%B1%E5%B1%B1%20-%20%E7%94%9C%E5%BF%83%E5%85%88%E7%94%9F.mp3"
"梁山山 - 故伎重演.mp3","http://cdn.healing2021.100steps.top/%E6%A2%81%E5%B1%B1%E5%B1%B1%20-%20%E6%95%85%E4%BC%8E%E9%87%8D%E6%BC%94.mp3"
"梁山山 - 我曾经那么爱你.mp3","http://cdn.healing2021.100steps.top/%E6%A2%81%E5%B1%B1%E5%B1%B1%20-%20%E6%88%91%E6%9B%BE%E7%BB%8F%E9%82%A3%E4%B9%88%E7%88%B1%E4%BD%A0.mp3"
"梁山山 - 宅一起.mp3","http://cdn.healing2021.100steps.top/%E6%A2%81%E5%B1%B1%E5%B1%B1%20-%20%E5%AE%85%E4%B8%80%E8%B5%B7.mp3"
"恐婚mmm0224(3).mp3","http://cdn.healing2021.100steps.top/%E6%81%90%E5%A9%9Ammm0224%283%29.mp3"
"《灰色涂鸦》MMM.mp3","http://cdn.healing2021.100steps.top/%E3%80%8A%E7%81%B0%E8%89%B2%E6%B6%82%E9%B8%A6%E3%80%8BMMM.mp3"